Ticket_ID,Age,Ticket_Price,Movie_Genre,Seat_Type,Number_of_Person,Purchase_Again
N4369,55,12.27,Comedy,Standard,7,No
B8091,35,19.02,Drama,Standard,Alone,Yes
V6341,55,22.52,Horror,VIP,3,No
B3243,53,23.01,Drama,Standard,6,Yes
I3814,30,21.81,Comedy,VIP,4,Yes
E5655,28,11.58,Horror,VIP,Alone,Yes
P1526,50,22.91,Action,Standard,Alone,Yes
V4726,44,23.09,Sci-Fi,Premium,7,Yes
A2029,46,12.12,Sci-Fi,Standard,Alone,Yes
P0092,48,19.63,Action,VIP,Alone,Yes
H4037,51,21.35,Action,Standard,2,Yes
L2502,56,14.06,Comedy,VIP,Alone,No
P4991,40,16.75,Horror,VIP,6,No
L1185,26,23.39,Drama,Premium,Alone,No
M6402,22,22.29,Sci-Fi,Premium,Alone,Yes
S3535,42,12.31,Horror,VIP,Alone,No
C1073,44,17.85,Comedy,Premium,Alone,No
I7517,35,21.49,Horror,VIP,2,Yes
Q8198,26,22.32,Comedy,VIP,5,Yes
E1293,54,15.68,Horror,VIP,Alone,Yes
F5223,54,16.94,Sci-Fi,Standard,Alone,No
U1989,39,16.24,Drama,VIP,Alone,No
Q7218,31,16.38,Action,Standard,Alone,No
J1556,23,18.21,Horror,Premium,4,No
V9900,53,12.25,Action,VIP,Alone,No
S3117,43,11.64,Comedy,Standard,Alone,Yes
Q8269,21,20.46,Drama,VIP,7,No
G7166,23,10.71,Comedy,Standard,Alone,No
Z4432,49,18.57,Drama,VIP,Alone,No
T5210,37,12.67,Drama,VIP,6,Yes
P9720,22,11.1,Sci-Fi,Premium,2,No
E7092,24,19.56,Comedy,Premium,7,No
U5101,46,20.04,Horror,VIP,Alone,No
H2053,32,10.09,Sci-Fi,VIP,Alone,No
R0385,33,10.05,Action,Standard,Alone,No
T7858,60,20.22,Action,Standard,2,No
S2012,45,17.09,Action,Standard,Alone,Yes
A6397,58,15.81,Drama,Premium,5,Yes
D4217,20,13.39,Sci-Fi,Standard,3,No
E2087,59,22.17,Comedy,Standard,Alone,No
I6521,49,18.5,Comedy,VIP,7,No
K1926,59,21.2,Comedy,VIP,4,Yes
E4059,49,22.32,Drama,Premium,7,Yes
P1743,20,17.09,Sci-Fi,VIP,Alone,Yes
N3988,52,22.39,Comedy,VIP,Alone,No
H2641,50,10.81,Action,Standard,Alone,Yes
R6144,29,17.75,Comedy,Standard,3,Yes
L2802,45,14.98,Comedy,Premium,5,No
Y3599,34,12.01,Action,Standard,Alone,Yes
H0893,57,15.86,Horror,VIP,Alone,No
E5484,27,24.7,Drama,Premium,7,Yes
A8535,50,14.78,Sci-Fi,Premium,5,No
A1178,58,23.78,Sci-Fi,VIP,7,No
J5739,57,13.62,Action,Premium,3,No
N7141,54,19.01,Horror,VIP,2,Yes
P3981,25,10.61,Comedy,Premium,Alone,No
I6591,57,10.41,Drama,VIP,Alone,No
Y2750,58,11.26,Action,VIP,Alone,Yes
X4553,52,15.56,Sci-Fi,Premium,5,No
X9468,44,22.89,Drama,Standard,Alone,Yes
E2677,44,19.74,Horror,VIP,Alone,Yes
X8764,39,18.27,Action,Premium,Alone,No
B2686,22,15.19,Sci-Fi,Standard,3,Yes
O8372,36,23.99,Sci-Fi,VIP,Alone,No
K6220,31,17.56,Comedy,Standard,Alone,No
O6264,60,11.58,Drama,VIP,7,Yes
A9435,49,17.85,Drama,Premium,Alone,Yes
N5266,48,14.04,Drama,VIP,6,No
I5016,54,21.49,Sci-Fi,Standard,7,Yes
U8801,38,17.67,Horror,VIP,2,No
T0054,49,22.24,Action,VIP,Alone,No
F1181,59,11.46,Action,Standard,Alone,Yes
N2120,25,13.05,Action,VIP,6,No
S0813,35,14.85,Horror,Standard,Alone,No
O2106,58,18.95,Drama,VIP,6,No
D9856,19,17.81,Action,Premium,Alone,No
M1047,59,10.69,Action,Standard,6,No
F9240,60,23.15,Action,Premium,6,No
N9075,27,18.31,Action,Premium,Alone,Yes
O3044,18,12.04,Action,Standard,6,Yes
T1301,55,13.71,Comedy,Premium,Alone,No
E0849,23,15.44,Horror,Standard,Alone,Yes
F1619,40,13.93,Comedy,Premium,6,Yes
L7684,46,24.35,Horror,VIP,6,Yes
N6284,53,16.47,Drama,VIP,Alone,Yes
V5427,39,23.2,Sci-Fi,VIP,Alone,Yes
M9668,22,21.73,Sci-Fi,VIP,2,Yes
D9591,33,10.24,Horror,Standard,Alone,No
O6443,35,16.33,Horror,Standard,7,Yes
T2876,60,24.08,Horror,Premium,4,No
O7406,31,13.91,Comedy,Premium,Alone,Yes
P2389,26,22.97,Sci-Fi,VIP,5,Yes
Z3286,38,11.74,Action,Standard,6,No
G4404,32,10.53,Drama,Standard,5,Yes
B3750,57,15.21,Action,Standard,Alone,No
T9837,45,12.86,Sci-Fi,VIP,Alone,Yes
Y7160,36,18.31,Sci-Fi,Premium,Alone,No
I1671,22,20.38,Drama,Premium,6,No
A3867,40,10.69,Drama,VIP,Alone,Yes
B4428,33,10.77,Drama,VIP,6,Yes
K7409,40,13.93,Drama,VIP,5,Yes
E0326,46,13.91,Comedy,VIP,Alone,Yes
O4468,39,10.45,Drama,VIP,6,Yes
P4854,41,12.47,Comedy,Premium,7,Yes
R2740,26,24.51,Action,VIP,Alone,No
F6176,43,14.92,Action,Premium,2,No
H0290,40,14.48,Comedy,VIP,Alone,Yes
B2822,59,10.49,Action,Standard,Alone,No
F8301,47,21.93,Comedy,Premium,2,No
M4228,57,12.83,Sci-Fi,Premium,Alone,No
B8676,43,10.37,Horror,VIP,4,No
N4818,49,23.83,Drama,VIP,7,No
E8777,34,16.5,Comedy,Standard,2,No
Q5846,20,18.39,Comedy,Premium,Alone,Yes
G7855,28,24.26,Drama,Premium,7,Yes
H8293,43,20.67,Drama,Premium,6,No
R8949,26,23.43,Drama,Standard,Alone,Yes
M9044,40,13.2,Action,VIP,2,No
F3207,23,22.99,Sci-Fi,Premium,3,Yes
L4232,39,10.07,Comedy,Standard,7,No
H4073,29,18.99,Horror,Standard,6,No
O2241,30,14.04,Comedy,Standard,3,Yes
B0204,47,13.75,Comedy,VIP,2,Yes
Z1790,55,14.98,Drama,Premium,2,Yes
K5294,41,16.75,Drama,VIP,Alone,No
Q6951,42,22.69,Sci-Fi,Premium,7,Yes
H1404,56,16.03,Drama,Standard,Alone,Yes
Y5391,21,13.88,Horror,Premium,6,No
N0170,56,20.64,Sci-Fi,VIP,Alone,Yes
L0167,52,18.81,Action,VIP,2,No
D2128,20,13.82,Drama,Standard,Alone,No
X8350,46,13.86,Drama,Premium,Alone,No
F1885,35,20.77,Action,Standard,4,Yes
O3931,20,17.06,Sci-Fi,Standard,Alone,Yes
E2469,54,22.02,Horror,Standard,4,No
G5366,52,11.95,Action,Premium,4,Yes
X5079,58,21.45,Sci-Fi,Premium,6,Yes
V9737,21,11.94,Sci-Fi,Standard,Alone,Yes
P6431,54,22.27,Sci-Fi,Standard,Alone,Yes
G3133,33,16.85,Horror,Premium,2,No
F4095,57,21.93,Sci-Fi,Premium,2,No
Z3930,51,15.46,Drama,Premium,4,No
J2459,60,13.06,Action,Premium,Alone,Yes
Q6909,44,11.3,Action,Standard,4,Yes
G7472,53,19.78,Drama,Standard,3,No
Y5962,55,23.63,Sci-Fi,Premium,Alone,Yes
J4979,45,13.91,Horror,Premium,Alone,No
O7429,43,12.51,Drama,VIP,3,No
V3234,31,15.97,Horror,Premium,Alone,Yes
E3715,19,13.28,Action,Standard,5,Yes
F2003,45,23.95,Action,VIP,Alone,Yes
H0595,36,19.3,Action,Standard,Alone,No
D6122,49,20.6,Horror,Standard,Alone,Yes
A5528,21,11.12,Comedy,Premium,Alone,No
K1997,23,22.37,Action,Premium,Alone,Yes
T5714,43,17.49,Action,Standard,Alone,Yes
R3928,53,20.62,Horror,Premium,2,Yes
B0786,40,18.8,Horror,Premium,4,Yes
T0180,34,15.62,Drama,Standard,Alone,No
G9726,20,13.31,Action,Standard,2,Yes
H2248,59,10.21,Action,Standard,5,Yes
D9710,58,20.19,Horror,Premium,Alone,Yes
X8137,42,14.77,Horror,VIP,6,No
K0842,54,19.14,Horror,Premium,Alone,No
G0559,18,11.88,Comedy,Premium,Alone,Yes
L4461,50,18.27,Action,Premium,5,Yes
L6043,22,17.66,Drama,VIP,6,Yes
C6804,27,19.14,Comedy,Premium,Alone,Yes
J4301,60,15.69,Action,VIP,Alone,No
X2267,48,15.54,Action,VIP,7,Yes
K8372,25,23.68,Drama,Premium,3,No
L5263,20,14.97,Sci-Fi,Standard,2,No
E2573,45,10.85,Comedy,VIP,6,Yes
Q4561,47,18.01,Horror,VIP,6,No
U1241,46,12.24,Horror,Premium,Alone,Yes
B3035,29,24.12,Drama,Standard,Alone,No
O2464,51,11.1,Sci-Fi,Standard,5,Yes
M7187,59,17.76,Action,Premium,Alone,No
Q2909,56,22.59,Comedy,VIP,7,No
V1725,51,14.13,Drama,Standard,Alone,No
O3164,50,11.26,Comedy,VIP,Alone,Yes
P6483,32,19.86,Horror,VIP,Alone,Yes
R9368,19,10.67,Drama,VIP,7,No
Y8059,35,10.41,Comedy,VIP,Alone,Yes
W3548,40,24.38,Action,VIP,3,Yes
Y6242,56,21.72,Drama,VIP,7,Yes
U3526,22,15.21,Drama,Standard,Alone,No
R4992,45,23.93,Sci-Fi,Standard,3,No
S3317,34,15.42,Sci-Fi,Premium,3,No
Q0936,30,15.47,Action,Premium,4,Yes
V9885,25,14.89,Action,VIP,Alone,No
Y5020,43,21.19,Action,Premium,Alone,No
Y3205,35,17.35,Drama,VIP,Alone,No
M3910,18,14.6,Action,VIP,Alone,No
Y4885,26,16.49,Comedy,Premium,Alone,No
U3623,58,23.95,Drama,VIP,Alone,Yes
M9809,39,14.4,Drama,VIP,2,Yes
S9804,60,24.08,Comedy,Standard,Alone,No
H4173,54,14.83,Action,Premium,5,Yes
Z2710,23,20.57,Action,VIP,6,No
T8609,40,12.96,Action,Premium,5,Yes
E6639,51,19.75,Horror,VIP,Alone,No
H3589,41,22.74,Horror,Standard,Alone,No
Q9783,52,16.58,Drama,Standard,3,Yes
F4135,28,10.48,Drama,VIP,Alone,No
J8589,29,24.21,Comedy,VIP,4,No
N7617,47,17.49,Action,VIP,Alone,Yes
Z0746,27,22.72,Drama,VIP,Alone,No
J6767,60,19.09,Comedy,VIP,Alone,Yes
T4877,35,20.26,Horror,Standard,7,No
Y9595,33,17.37,Action,Premium,2,No
G9552,53,21.16,Drama,Premium,Alone,Yes
X4744,38,22.71,Comedy,Premium,3,No
V1732,44,13.95,Action,Standard,Alone,No
X7881,43,10.38,Drama,VIP,4,Yes
W8501,42,20.95,Sci-Fi,Standard,4,Yes
S2200,19,13.76,Action,VIP,3,No
M9231,37,16.97,Drama,Standard,Alone,Yes
O6210,32,22.32,Horror,Premium,2,Yes
P1716,60,10.83,Drama,Standard,Alone,Yes
A7565,27,13.63,Sci-Fi,VIP,Alone,Yes
Z7240,44,11.99,Action,Standard,Alone,No
G7971,42,19.11,Comedy,VIP,2,No
F0472,43,18.79,Comedy,Standard,Alone,No
X0583,37,14.32,Sci-Fi,Standard,Alone,Yes
S7928,20,19.27,Comedy,Premium,Alone,Yes
H1936,58,20.96,Horror,VIP,4,Yes
U2595,21,17.18,Sci-Fi,VIP,Alone,No
T1209,33,21.55,Action,Premium,6,No
K2212,45,18.95,Comedy,VIP,3,No
D9095,40,13.46,Drama,Premium,Alone,Yes
F0351,19,17.53,Horror,Standard,Alone,Yes
O9124,40,13.98,Comedy,Standard,Alone,No
Y7920,56,11.02,Action,Standard,Alone,No
U4514,41,14.63,Sci-Fi,VIP,6,No
S9882,22,13.33,Horror,VIP,Alone,No
M4995,30,21.59,Drama,Premium,6,No
G8758,43,11.85,Horror,Premium,2,No
C5723,28,12.4,Drama,Premium,6,Yes
K4923,47,12.39,Sci-Fi,Standard,Alone,Yes
Y6380,27,16.48,Action,Standard,Alone,No
Y8012,21,19.43,Action,Premium,Alone,Yes
L7500,41,16.66,Sci-Fi,Standard,6,No
I4283,54,20.89,Drama,Standard,3,No
L1983,24,20.24,Sci-Fi,VIP,5,No
B7349,40,10.81,Horror,Premium,7,No
P0451,47,18.13,Horror,Premium,Alone,Yes
J3938,51,17.26,Comedy,VIP,5,Yes
Z8035,54,21.41,Horror,Standard,Alone,Yes
C6483,56,16.33,Drama,VIP,6,Yes
X0045,22,20.16,Action,VIP,2,No
S5454,56,23.59,Horror,Standard,Alone,Yes
V8216,27,14.83,Comedy,Standard,Alone,No
C4419,48,13.01,Drama,VIP,4,No
R9005,54,11.23,Action,VIP,6,No
W3785,40,23.41,Horror,VIP,7,No
A5307,45,21.46,Comedy,Standard,6,No
U1538,59,21.94,Horror,Standard,5,Yes
P9720,43,10.91,Action,Standard,Alone,Yes
O2737,55,11.97,Comedy,VIP,6,No
Q9149,60,23.13,Horror,VIP,Alone,Yes
I2866,49,21.91,Horror,Premium,5,No
Z0663,51,19.13,Horror,VIP,2,No
N9718,48,14.02,Horror,VIP,Alone,Yes
B8006,52,16.35,Comedy,VIP,6,No
I5327,22,20.66,Sci-Fi,Standard,Alone,Yes
L5541,45,22.54,Sci-Fi,Standard,5,No
X2102,41,14.41,Comedy,VIP,Alone,No
Z4756,21,12.4,Drama,Standard,7,Yes
U1070,37,18.8,Horror,Premium,Alone,No
H9188,38,13.73,Sci-Fi,Standard,3,Yes
D5033,25,10.41,Sci-Fi,Premium,Alone,Yes
R3941,42,22.41,Action,Premium,6,No
M2787,43,15.92,Sci-Fi,VIP,3,No
Z3492,36,23.72,Action,VIP,4,Yes
D8428,19,12.09,Horror,Premium,Alone,No
T6734,36,15.17,Drama,VIP,3,Yes
X5538,21,14.99,Drama,Premium,7,No
A5566,54,22.72,Comedy,Premium,4,No
B1663,47,15.16,Drama,Standard,Alone,Yes
M4304,53,20.01,Sci-Fi,Standard,Alone,Yes
Z1944,22,21.52,Horror,Standard,5,Yes
Q1502,22,14.95,Sci-Fi,VIP,5,No
J8101,52,13.9,Action,VIP,Alone,Yes
R4219,54,17.6,Comedy,VIP,6,Yes
R0307,40,10.06,Drama,VIP,2,Yes
Y0899,59,22.85,Drama,Standard,Alone,Yes
B3335,31,22.23,Action,VIP,Alone,No
Y7896,50,10.1,Horror,VIP,Alone,No
K7716,27,22.68,Horror,VIP,Alone,No
H7411,39,23.0,Sci-Fi,Standard,Alone,No
V4466,56,20.16,Sci-Fi,Standard,Alone,No
I0732,52,14.37,Drama,Premium,Alone,Yes
K5903,36,18.0,Horror,VIP,4,No
R9300,34,17.9,Comedy,VIP,3,No
Y1327,23,19.44,Sci-Fi,Premium,Alone,No
W2948,34,19.64,Horror,Standard,Alone,No
M9787,39,24.65,Sci-Fi,Standard,5,No
G3600,58,11.94,Horror,Premium,3,No
M3870,18,10.6,Comedy,Standard,Alone,No
F7288,60,15.39,Drama,VIP,Alone,No
G9465,40,23.56,Action,VIP,6,No
U2868,43,18.7,Comedy,Premium,4,No
T5208,22,23.75,Action,Premium,Alone,No
W4817,21,14.36,Sci-Fi,Standard,Alone,Yes
G5771,42,11.49,Drama,Standard,3,No
E3613,46,11.5,Action,VIP,7,No
H7914,38,10.68,Action,Premium,Alone,Yes
R8886,34,22.99,Comedy,Standard,7,No
A4304,49,13.59,Action,Premium,Alone,Yes
T4531,23,17.07,Horror,Premium,Alone,No
X7448,55,24.76,Action,Standard,3,Yes
Q3075,23,15.8,Sci-Fi,VIP,Alone,No
E5507,51,23.81,Sci-Fi,VIP,3,No
A7562,26,24.82,Comedy,Standard,4,No
U6249,31,10.34,Action,Premium,7,No
X7898,56,18.98,Horror,VIP,7,No
M6955,47,16.37,Horror,Premium,Alone,Yes
S1872,26,24.33,Horror,Standard,Alone,Yes
R3505,42,23.03,Horror,Standard,3,Yes
Y2711,29,13.42,Action,Standard,Alone,Yes
J7159,53,13.06,Comedy,Standard,4,Yes
M9467,23,10.01,Action,Premium,4,Yes
N4655,59,19.89,Action,VIP,5,No
M9022,34,24.17,Action,Premium,6,Yes
H1997,32,13.14,Comedy,VIP,Alone,No
R3056,39,19.95,Horror,Standard,Alone,Yes
V4937,38,22.48,Sci-Fi,VIP,Alone,No
S7251,42,14.26,Horror,VIP,4,Yes
R5976,33,19.09,Comedy,Premium,5,Yes
F1526,33,19.49,Drama,Standard,Alone,Yes
Z2440,37,22.52,Sci-Fi,Standard,6,Yes
B4636,45,15.43,Drama,VIP,4,Yes
W7032,28,14.31,Drama,Standard,7,No
P8545,47,14.69,Drama,Premium,6,Yes
E8060,38,12.29,Drama,Premium,5,No
I5706,58,20.08,Comedy,Premium,Alone,No
I9952,44,16.54,Action,Premium,3,No
F4653,51,22.32,Action,VIP,2,No
M5646,60,10.4,Comedy,Standard,4,No
P2752,49,12.6,Comedy,Premium,Alone,Yes
X3029,33,17.05,Comedy,Standard,Alone,Yes
P0690,25,17.8,Action,VIP,Alone,No
G4541,53,10.42,Horror,Standard,Alone,No
R1080,21,20.2,Drama,Standard,7,Yes
N5074,29,23.93,Sci-Fi,VIP,Alone,Yes
Q8760,19,17.34,Drama,Premium,3,No
L2393,23,22.33,Comedy,Premium,Alone,Yes
S6507,21,19.1,Sci-Fi,Standard,Alone,Yes
Z9614,47,24.86,Action,Standard,6,No
U5154,55,22.38,Drama,Standard,Alone,Yes
C1641,31,19.31,Action,Standard,7,Yes
B0694,21,15.57,Action,Premium,5,No
U3427,51,11.93,Horror,Standard,Alone,No
Y4232,55,14.86,Sci-Fi,Standard,4,No
L1895,29,13.11,Sci-Fi,Standard,6,No
C4173,40,17.28,Horror,VIP,Alone,No
N9701,26,19.34,Action,VIP,Alone,Yes
D1959,43,18.99,Sci-Fi,VIP,Alone,Yes
K8305,48,12.08,Comedy,VIP,3,Yes
D6466,27,21.99,Action,Standard,Alone,No
T8132,35,10.98,Comedy,Premium,Alone,No
K2667,24,10.2,Comedy,Standard,4,Yes
C8150,44,12.16,Comedy,VIP,Alone,Yes
J1563,55,23.26,Horror,Premium,Alone,Yes
X7552,52,24.27,Horror,Premium,3,No
M4546,57,11.68,Drama,Standard,Alone,Yes
J0855,22,22.22,Drama,Standard,5,No
G9346,35,14.6,Sci-Fi,Standard,5,No
Z3248,49,16.1,Drama,Standard,5,Yes
H4048,51,24.9,Comedy,Premium,4,Yes
U8238,53,20.95,Horror,Standard,Alone,No
V3617,25,13.47,Action,Premium,2,No
L3265,22,15.46,Drama,VIP,Alone,Yes
O5299,29,17.19,Sci-Fi,Premium,7,Yes
V7547,57,21.89,Horror,Premium,Alone,Yes
B5560,21,16.28,Horror,Standard,2,Yes
B4108,60,17.51,Horror,VIP,Alone,Yes
K1779,23,14.43,Comedy,Premium,2,Yes
U0585,35,12.59,Drama,Premium,2,No
H3200,52,17.31,Action,VIP,Alone,Yes
Z1729,57,20.34,Horror,VIP,4,Yes
V0788,54,11.49,Horror,Premium,Alone,Yes
Z7851,24,10.83,Horror,VIP,6,No
Q3782,27,11.38,Action,Premium,Alone,Yes
G4760,47,17.0,Action,Premium,6,No
X2205,56,19.35,Drama,Standard,6,No
Z8477,52,15.07,Drama,Premium,2,Yes
X4895,22,18.86,Sci-Fi,Standard,5,Yes
Q5203,54,23.7,Horror,Premium,6,No
K2108,34,23.48,Drama,VIP,7,Yes
D3548,18,15.35,Horror,Standard,2,No
O4248,23,23.16,Action,VIP,Alone,No
P1627,21,20.8,Comedy,Standard,3,Yes
I0309,27,21.1,Drama,Premium,6,Yes
L6833,43,21.6,Comedy,Standard,Alone,No
G9872,23,24.35,Comedy,VIP,Alone,Yes
X8987,22,21.36,Comedy,VIP,7,No
T9292,32,24.97,Horror,VIP,Alone,No
Z8755,49,17.3,Sci-Fi,Premium,Alone,Yes
K4317,32,21.16,Action,Standard,7,Yes
G5822,25,10.92,Horror,Standard,Alone,Yes
A1540,52,14.44,Drama,Standard,4,Yes
G4364,38,12.12,Comedy,VIP,4,No
U2950,41,17.52,Sci-Fi,VIP,4,No
G2005,50,10.04,Action,VIP,Alone,No
N6776,51,13.63,Drama,Premium,6,No
G5914,44,22.98,Action,Premium,Alone,No
U1532,21,18.32,Horror,VIP,Alone,Yes
M9147,41,20.28,Horror,Standard,Alone,No
G7315,38,21.31,Action,Premium,2,No
F5373,50,15.99,Sci-Fi,Premium,Alone,Yes
E4245,44,18.52,Comedy,Standard,4,No
T9628,32,10.26,Comedy,Standard,Alone,No
Q7033,43,21.87,Drama,Premium,Alone,No
D0342,27,12.12,Sci-Fi,Premium,Alone,No
C7811,25,12.12,Comedy,Premium,Alone,Yes
C1040,45,14.4,Horror,Standard,Alone,No
U6973,27,14.37,Comedy,Standard,3,Yes
D5713,40,19.04,Drama,Premium,Alone,Yes
N1065,51,17.67,Horror,Premium,6,No
Q1140,39,22.14,Action,VIP,Alone,Yes
H9115,53,14.84,Drama,Premium,6,No
R5096,26,12.57,Comedy,Premium,4,No
K4229,57,10.86,Action,Premium,Alone,No
T2333,33,16.93,Horror,Premium,2,Yes
B7099,23,20.99,Drama,Premium,Alone,Yes
W4300,57,14.89,Action,VIP,Alone,Yes
T7976,36,21.72,Horror,Premium,4,Yes
Y3795,50,13.83,Action,Premium,4,Yes
S9225,18,20.74,Sci-Fi,Standard,Alone,Yes
A2565,30,20.19,Sci-Fi,Premium,Alone,Yes
N4849,23,14.53,Sci-Fi,Premium,Alone,No
E0520,21,17.65,Sci-Fi,VIP,5,Yes
D6523,38,24.27,Horror,VIP,Alone,Yes
V9448,19,20.35,Sci-Fi,Premium,Alone,Yes
Y7647,33,14.59,Sci-Fi,Standard,3,No
Q4486,27,17.76,Comedy,Standard,3,No
N7144,26,13.46,Drama,Standard,7,Yes
E2517,35,18.31,Sci-Fi,VIP,6,No
C7925,58,13.52,Comedy,VIP,3,Yes
I8324,53,23.5,Action,VIP,Alone,No
E8470,41,21.57,Drama,Premium,Alone,No
K6968,36,21.89,Drama,Standard,Alone,No
W1261,31,23.23,Sci-Fi,Standard,5,No
J0515,34,19.26,Action,Premium,Alone,Yes
M9663,32,13.1,Drama,Standard,2,Yes
H3987,58,13.58,Action,VIP,5,Yes
U3922,27,16.09,Comedy,Premium,6,No
R1976,27,15.31,Horror,VIP,Alone,No
O6512,32,13.1,Sci-Fi,Premium,7,No
G1300,42,17.28,Horror,Premium,6,Yes
A8680,35,13.74,Horror,Standard,3,Yes
I8624,49,15.21,Horror,Premium,Alone,Yes
L3353,27,11.99,Horror,Standard,4,Yes
Q3821,58,21.66,Sci-Fi,Standard,Alone,No
O7821,42,17.22,Horror,VIP,5,No
O6340,32,11.61,Comedy,Premium,Alone,No
S9743,18,21.81,Horror,VIP,Alone,No
S2007,22,24.3,Sci-Fi,Premium,Alone,Yes
G5084,42,23.0,Action,Standard,Alone,No
Y8732,32,21.93,Action,Premium,Alone,No
B5225,41,24.78,Horror,VIP,7,Yes
M2131,41,16.68,Action,Standard,Alone,Yes
A6849,28,15.12,Sci-Fi,VIP,3,No
P1578,26,11.22,Action,Standard,Alone,Yes
H6205,27,18.77,Horror,VIP,5,Yes
G9545,60,13.82,Horror,Standard,7,Yes
Y9176,28,19.28,Drama,Standard,Alone,Yes
V8990,29,24.75,Comedy,VIP,Alone,No
Q3755,20,20.16,Action,VIP,Alone,Yes
G2856,45,22.28,Sci-Fi,Standard,5,No
F7597,41,10.79,Sci-Fi,VIP,7,No
K0082,31,23.82,Comedy,Standard,Alone,No
C0135,20,14.5,Drama,Standard,6,No
H4754,43,17.08,Drama,Standard,5,Yes
V6465,21,11.57,Action,VIP,Alone,No
V5895,30,21.69,Drama,VIP,5,Yes
C8119,46,19.99,Comedy,Premium,Alone,No
I6253,53,14.99,Drama,VIP,Alone,No
M3668,51,14.63,Action,Premium,7,Yes
P1758,28,24.3,Comedy,VIP,7,No
X0475,18,11.5,Horror,VIP,2,Yes
A9027,52,19.11,Comedy,VIP,4,No
Q9785,44,15.85,Drama,Standard,Alone,Yes
H3475,34,21.44,Sci-Fi,Premium,3,Yes
M2148,33,11.14,Drama,Premium,2,No
E4423,33,10.43,Horror,Standard,Alone,Yes
P4882,22,14.54,Comedy,Standard,5,Yes
F8549,30,15.86,Sci-Fi,VIP,Alone,No
A0701,47,21.43,Comedy,VIP,4,No
Y0325,21,19.84,Horror,Premium,4,Yes
I8049,52,16.67,Horror,Standard,4,Yes
W8712,43,22.55,Comedy,Premium,4,Yes
A0309,21,24.54,Drama,Standard,5,No
O1319,45,23.03,Sci-Fi,Premium,Alone,No
S5625,59,24.79,Drama,Standard,Alone,Yes
P8221,41,16.08,Action,Premium,2,No
E6974,59,17.37,Sci-Fi,VIP,6,No
N6210,33,11.42,Drama,VIP,3,No
O7808,26,10.03,Sci-Fi,VIP,Alone,Yes
J6656,54,24.26,Horror,VIP,Alone,Yes
P6869,28,16.84,Action,Premium,Alone,No
A8022,44,14.89,Horror,Standard,Alone,No
C9977,58,24.96,Action,Standard,Alone,Yes
W0714,43,14.85,Horror,Premium,7,No
P4039,27,17.27,Drama,Standard,Alone,Yes
A1254,32,23.14,Comedy,Premium,3,No
B8586,38,15.92,Action,Standard,Alone,Yes
U8055,56,15.2,Comedy,Premium,6,Yes
L0268,57,16.0,Sci-Fi,Standard,5,Yes
S7944,27,21.17,Action,Standard,Alone,Yes
P6902,50,13.53,Action,Standard,3,Yes
W7792,52,15.62,Drama,VIP,Alone,No
K8175,19,23.87,Horror,Standard,7,Yes
M6833,50,19.67,Horror,Standard,Alone,No
U0452,32,13.16,Drama,Standard,Alone,No
G3963,36,18.67,Comedy,Premium,Alone,Yes
G5089,53,16.59,Comedy,Standard,Alone,No
U2874,51,21.05,Comedy,Premium,Alone,Yes
B4763,39,18.61,Comedy,Standard,Alone,No
X3386,55,13.54,Comedy,Standard,4,Yes
M7876,30,16.39,Comedy,Premium,3,Yes
X5473,48,11.14,Sci-Fi,VIP,6,Yes
R1798,47,24.93,Sci-Fi,VIP,5,Yes
A9193,33,17.57,Horror,VIP,2,Yes
T1022,24,14.5,Action,Premium,Alone,Yes
L2917,52,17.91,Sci-Fi,VIP,Alone,No
K3788,42,24.01,Horror,VIP,Alone,Yes
P6373,52,22.84,Horror,Standard,7,Yes
C5761,24,18.2,Action,Standard,Alone,Yes
S8388,36,15.19,Drama,VIP,6,Yes
S7393,46,15.45,Action,Premium,2,No
D6725,45,14.17,Sci-Fi,Premium,7,No
V6047,57,20.5,Action,Standard,Alone,No
U4238,28,21.67,Action,Premium,7,No
C9056,27,22.17,Comedy,VIP,Alone,No
L8764,20,22.32,Comedy,VIP,5,No
D2585,25,21.96,Drama,VIP,6,Yes
E6176,21,12.6,Horror,Standard,Alone,Yes
P9796,32,18.0,Horror,Standard,Alone,No
K3643,30,18.35,Comedy,VIP,7,Yes
V3523,45,16.36,Action,Premium,4,No
O9883,35,11.71,Action,Premium,Alone,No
N2970,54,17.27,Horror,Premium,4,No
U4102,19,18.82,Drama,VIP,Alone,Yes
Y5792,48,14.3,Drama,Standard,Alone,Yes
R7113,29,15.28,Drama,Premium,4,No
M9202,33,12.53,Horror,Standard,4,No
D0431,44,18.79,Comedy,VIP,7,Yes
V4471,44,16.35,Sci-Fi,VIP,3,Yes
C8354,46,19.82,Sci-Fi,Premium,6,Yes
M4257,39,15.54,Action,VIP,5,No
L0821,50,23.19,Horror,Standard,3,Yes
T5345,22,17.21,Horror,VIP,6,Yes
Y0633,27,18.28,Drama,Premium,6,No
F4455,49,10.42,Comedy,VIP,7,Yes
G4467,34,14.67,Drama,Standard,Alone,Yes
U9336,18,12.86,Comedy,VIP,Alone,No
Y3762,31,10.46,Comedy,Standard,6,Yes
L2256,24,19.83,Action,Premium,Alone,No
I0247,38,11.77,Action,VIP,Alone,Yes
W2915,28,16.49,Drama,Standard,5,Yes
I4065,51,19.66,Comedy,Premium,Alone,No
N0035,28,10.62,Drama,Premium,5,Yes
S6422,24,10.64,Comedy,Standard,5,Yes
G8325,25,13.72,Comedy,Premium,Alone,Yes
I1245,20,22.95,Horror,Premium,3,No
T6074,42,13.78,Horror,Standard,Alone,No
A2431,27,11.39,Comedy,Standard,Alone,No
R8918,21,16.79,Comedy,Standard,5,No
Q1565,35,19.1,Horror,Premium,Alone,No
X1087,38,11.85,Action,Standard,Alone,No
X9848,31,21.73,Horror,VIP,Alone,No
L3648,47,15.59,Action,Premium,5,Yes
P1932,24,23.84,Drama,Standard,3,Yes
K9302,26,19.62,Drama,Premium,Alone,No
W3077,30,12.5,Sci-Fi,VIP,Alone,Yes
I0125,36,15.99,Comedy,Standard,7,No
J6626,54,14.64,Comedy,VIP,Alone,Yes
P5015,57,21.95,Action,Standard,Alone,Yes
S7385,32,23.25,Action,Premium,Alone,No
W0263,34,22.98,Comedy,VIP,6,Yes
V9507,35,10.07,Action,Premium,4,No
B8133,49,17.0,Sci-Fi,Standard,4,No
S6701,52,19.6,Sci-Fi,Standard,5,Yes
Y7433,32,19.19,Drama,VIP,Alone,Yes
R4683,50,14.45,Drama,Premium,Alone,Yes
V6833,21,16.08,Horror,VIP,Alone,No
H3429,40,12.5,Sci-Fi,Premium,7,Yes
W1110,20,11.14,Drama,Premium,Alone,Yes
P7270,37,20.66,Horror,Premium,Alone,Yes
F9649,41,12.33,Action,Standard,3,No
N4274,51,16.05,Comedy,Standard,4,Yes
F2620,45,24.54,Comedy,Standard,6,Yes
G5657,37,21.52,Action,Premium,Alone,Yes
K8095,36,16.39,Comedy,Standard,4,Yes
R4386,31,16.48,Horror,Standard,Alone,No
P2426,23,23.26,Drama,Premium,2,No
J1499,33,11.8,Drama,Premium,4,Yes
V3059,55,12.82,Horror,VIP,4,No
B5952,37,13.85,Comedy,VIP,4,Yes
V3085,40,12.11,Action,Standard,Alone,Yes
I0518,53,12.6,Drama,VIP,7,Yes
G8812,20,12.99,Comedy,Premium,4,No
M5460,43,14.09,Action,Premium,7,Yes
I1201,38,20.15,Action,Standard,7,No
G4176,22,17.75,Action,VIP,5,No
N2552,33,14.97,Horror,Premium,Alone,Yes
N5378,58,13.01,Sci-Fi,VIP,Alone,Yes
I1329,56,13.09,Drama,Standard,4,Yes
Q1018,49,11.74,Action,Premium,7,Yes
I1285,35,16.89,Horror,Premium,6,Yes
Z9207,30,15.49,Drama,VIP,5,Yes
Y3702,29,20.74,Horror,VIP,Alone,No
N5089,41,22.05,Horror,Standard,5,No
B2777,60,16.52,Drama,Standard,3,Yes
Q3956,24,13.69,Drama,Premium,Alone,Yes
M2613,42,11.1,Horror,Premium,Alone,No
M8224,58,21.89,Comedy,Standard,3,No
G6931,47,11.31,Action,Premium,Alone,No
X2879,43,17.62,Comedy,Premium,4,No
L0222,30,23.26,Drama,Premium,Alone,Yes
J8057,54,15.91,Sci-Fi,Premium,Alone,No
D9454,31,21.5,Action,Standard,5,Yes
Y6890,30,17.21,Action,Premium,5,No
K4381,42,14.22,Sci-Fi,Standard,7,No
H8074,56,10.86,Horror,Premium,Alone,Yes
G1928,29,21.27,Horror,Premium,2,No
P9848,24,13.01,Action,VIP,4,Yes
R3496,28,14.69,Drama,Standard,Alone,No
L6719,48,14.12,Horror,Premium,Alone,Yes
M4803,55,17.73,Comedy,Premium,Alone,Yes
K3727,33,12.79,Horror,Standard,Alone,Yes
Z8213,51,12.45,Drama,VIP,4,No
K9919,55,19.76,Sci-Fi,VIP,Alone,Yes
X5590,18,15.51,Action,VIP,4,No
I4060,37,24.07,Drama,Standard,6,No
Y6457,29,23.92,Sci-Fi,Standard,4,No
R1338,28,18.11,Drama,VIP,Alone,Yes
C8928,35,15.4,Action,Premium,7,Yes
Y4752,32,21.25,Sci-Fi,VIP,4,No
I8573,27,18.85,Comedy,VIP,6,No
C1192,23,13.33,Action,VIP,4,No
M9673,18,10.38,Drama,Standard,7,No
M1539,18,11.23,Drama,Premium,Alone,No
N1839,50,13.63,Horror,VIP,Alone,No
P1884,34,19.28,Action,Standard,2,Yes
Q4649,24,17.02,Sci-Fi,VIP,Alone,No
Y6750,52,18.09,Drama,VIP,4,Yes
O2168,24,11.71,Sci-Fi,VIP,Alone,No
U8934,50,21.68,Sci-Fi,VIP,2,Yes
U3817,44,18.45,Comedy,Premium,Alone,Yes
Z0219,47,10.35,Drama,Standard,Alone,No
U7953,31,20.66,Comedy,Premium,3,Yes
P8419,57,24.9,Drama,Standard,2,No
T3482,22,22.03,Comedy,VIP,Alone,No
H6371,48,24.02,Comedy,VIP,Alone,No
P3569,38,10.26,Horror,Standard,Alone,No
Y4248,20,24.92,Horror,Standard,5,No
N9830,44,14.9,Horror,Premium,Alone,Yes
B1744,34,10.71,Comedy,Standard,Alone,No
O7771,36,11.09,Action,Premium,6,No
R0885,24,21.61,Action,VIP,7,Yes
A5251,26,24.99,Sci-Fi,Premium,Alone,No
Z7628,31,20.97,Horror,Premium,Alone,No
Q4641,19,10.03,Comedy,Premium,2,No
O4918,25,18.81,Horror,VIP,4,No
X9125,28,20.41,Comedy,Premium,Alone,Yes
B4363,20,19.03,Horror,Premium,2,No
U9991,46,13.3,Comedy,VIP,Alone,No
E0138,18,11.96,Sci-Fi,Premium,7,Yes
P2977,60,19.87,Sci-Fi,VIP,5,No
C8279,40,24.45,Action,VIP,6,Yes
H6999,42,13.34,Comedy,VIP,6,Yes
Y0798,43,23.69,Sci-Fi,Standard,7,No
V7065,51,21.86,Drama,Premium,Alone,Yes
E3076,31,21.67,Comedy,Standard,3,No
Z0104,35,24.65,Drama,Standard,Alone,Yes
R4883,48,13.49,Drama,Premium,Alone,Yes
Z8082,23,15.29,Sci-Fi,VIP,6,Yes
D2037,51,10.86,Comedy,Premium,3,Yes
Y6288,60,19.93,Action,Premium,5,Yes
R9227,20,20.02,Horror,Premium,2,Yes
I6652,28,15.39,Action,Standard,Alone,No
G3422,55,21.55,Comedy,Standard,Alone,No
E8769,24,23.26,Drama,Standard,7,Yes
J4048,32,22.88,Sci-Fi,Standard,5,No
D1283,36,11.94,Drama,VIP,4,Yes
T4714,45,15.45,Horror,VIP,6,No
E0466,20,11.13,Horror,Standard,Alone,No
Q2283,57,24.13,Action,Premium,5,Yes
V0461,58,16.75,Action,VIP,5,Yes
E3795,46,18.49,Drama,VIP,Alone,Yes
V6571,38,21.52,Sci-Fi,Standard,Alone,No
O7454,52,16.34,Comedy,Premium,Alone,Yes
H3432,49,11.54,Horror,VIP,6,Yes
B8493,54,22.4,Sci-Fi,Premium,Alone,No
B4025,30,10.03,Action,Standard,7,No
Q5838,31,22.16,Sci-Fi,Premium,4,No
H1744,25,23.07,Action,Premium,3,Yes
I2389,26,23.14,Sci-Fi,Standard,Alone,No
S0920,22,11.78,Action,Standard,Alone,No
G6769,34,15.52,Action,Standard,Alone,No
P3703,22,18.34,Drama,Premium,Alone,No
S9537,34,10.23,Comedy,Standard,Alone,Yes
T5353,42,17.78,Drama,Premium,Alone,Yes
A7782,19,23.18,Drama,Standard,Alone,Yes
P1899,52,22.0,Sci-Fi,Standard,Alone,No
K1161,30,21.52,Comedy,VIP,Alone,No
U0268,26,23.17,Drama,Premium,Alone,No
W3789,48,20.37,Action,VIP,Alone,No
I2507,41,23.37,Comedy,VIP,Alone,No
B4004,55,16.38,Sci-Fi,Standard,3,No
N2899,42,16.9,Sci-Fi,Standard,Alone,No
L6276,21,12.81,Sci-Fi,Standard,7,No
O2405,29,20.26,Sci-Fi,Premium,2,No
F5465,54,19.41,Sci-Fi,VIP,4,Yes
S7859,38,13.64,Drama,Premium,Alone,Yes
N1442,25,12.54,Sci-Fi,Premium,Alone,No
D3688,49,10.41,Horror,VIP,5,Yes
K6350,30,22.15,Comedy,VIP,Alone,Yes
E8457,55,17.88,Drama,Premium,Alone,No
U2904,56,10.21,Action,Standard,5,Yes
H0766,18,14.63,Sci-Fi,Premium,Alone,No
Z2277,48,14.98,Action,Premium,4,No
Y1044,55,15.49,Sci-Fi,VIP,6,No
I1692,53,11.21,Horror,VIP,Alone,No
S3826,50,14.52,Horror,Standard,4,Yes
P5481,25,10.61,Action,Premium,4,No
G9153,30,10.27,Comedy,VIP,5,No
B9078,22,18.01,Sci-Fi,Standard,Alone,No
K4001,38,14.39,Action,VIP,4,No
Q2976,32,23.57,Drama,VIP,Alone,No
L4821,28,14.96,Drama,VIP,6,Yes
S6575,47,21.95,Action,Standard,3,No
C2285,21,23.4,Comedy,Standard,Alone,Yes
K7735,52,21.43,Horror,Premium,Alone,No
G3626,46,16.14,Horror,Premium,7,No
B9198,26,12.8,Drama,Standard,Alone,Yes
F7537,20,19.47,Sci-Fi,Premium,3,Yes
M2223,50,13.49,Comedy,Standard,6,Yes
K8826,39,15.75,Sci-Fi,VIP,Alone,No
B1192,52,22.45,Drama,VIP,Alone,No
N6061,24,16.15,Action,Premium,5,Yes
J3637,29,21.42,Sci-Fi,VIP,Alone,No
L0905,31,17.7,Horror,Premium,Alone,Yes
Q1064,18,19.33,Horror,VIP,4,Yes
T6565,20,17.66,Comedy,Standard,Alone,No
T3563,37,16.75,Horror,VIP,Alone,Yes
Y8937,33,22.07,Drama,Standard,6,No
D4512,20,14.37,Action,Standard,7,Yes
I0300,53,15.82,Comedy,VIP,Alone,No
B8840,52,16.14,Drama,Standard,Alone,Yes
M3087,58,22.11,Comedy,VIP,4,No
K6175,42,11.81,Comedy,Standard,Alone,Yes
I2406,52,21.83,Sci-Fi,Premium,3,Yes
U6984,24,13.68,Action,Premium,Alone,No
J9064,20,17.29,Horror,VIP,Alone,No
M5068,33,10.17,Sci-Fi,Premium,4,No
W3776,54,21.26,Drama,Standard,3,No
O7505,31,14.19,Drama,Premium,Alone,No
S0443,38,14.68,Sci-Fi,Standard,7,No
X3353,28,18.37,Sci-Fi,VIP,7,No
L8241,55,16.98,Horror,Premium,4,Yes
B0684,46,12.16,Horror,Standard,5,Yes
C3968,41,18.43,Sci-Fi,Premium,2,No
V6951,36,22.63,Comedy,VIP,7,Yes
A4622,35,22.33,Drama,Premium,4,Yes
M9282,49,15.92,Drama,Standard,7,Yes
F2596,25,14.2,Action,VIP,5,Yes
B6368,57,12.49,Horror,Premium,3,No
G8621,42,20.21,Drama,Standard,Alone,No
Z8270,55,20.34,Horror,VIP,Alone,Yes
F1834,40,23.34,Action,Premium,5,No
D5786,55,23.03,Action,VIP,7,Yes
U3904,56,20.53,Horror,Premium,7,Yes
W7445,19,23.77,Comedy,Premium,Alone,No
L4400,57,16.33,Drama,VIP,Alone,Yes
V8116,53,14.76,Horror,Premium,3,Yes
J4658,52,14.05,Comedy,Standard,3,No
W4387,54,15.18,Comedy,Premium,Alone,No
U8752,57,14.92,Horror,VIP,3,No
Y2620,59,23.03,Comedy,VIP,3,No
M3362,51,24.19,Action,Standard,Alone,Yes
T2430,20,20.15,Sci-Fi,VIP,Alone,Yes
E8799,26,10.11,Action,VIP,7,No
X4543,43,16.05,Action,Premium,Alone,No
Q5817,54,16.4,Drama,Premium,3,Yes
X0949,41,11.79,Comedy,VIP,Alone,Yes
S0878,49,13.8,Drama,Premium,Alone,No
A0388,43,20.17,Horror,Standard,Alone,Yes
L5567,36,16.11,Comedy,Standard,2,Yes
C9920,26,16.24,Comedy,Standard,6,Yes
D9547,48,13.81,Action,Premium,4,No
P0306,31,17.46,Sci-Fi,Premium,Alone,Yes
C3874,20,12.01,Action,Premium,Alone,Yes
T1098,24,24.43,Drama,VIP,7,Yes
Z5047,25,23.2,Horror,VIP,5,No
B0660,30,21.26,Comedy,VIP,Alone,No
W6958,52,24.3,Drama,VIP,Alone,Yes
Q8351,26,21.15,Drama,Premium,Alone,No
P0379,33,19.94,Comedy,VIP,3,No
B1030,56,22.49,Horror,Standard,3,No
E8595,58,19.08,Comedy,Premium,Alone,No
X8408,41,19.68,Comedy,VIP,Alone,No
L3487,44,10.65,Action,VIP,5,Yes
L0206,24,21.78,Drama,Premium,3,Yes
I2310,41,17.32,Comedy,Premium,3,Yes
F5776,33,15.88,Drama,Premium,Alone,No
T9882,18,20.05,Horror,Standard,6,No
O6286,29,14.4,Drama,Standard,Alone,No
I7347,22,21.53,Drama,Standard,Alone,No
M3443,27,21.42,Sci-Fi,VIP,Alone,Yes
O5296,47,21.68,Sci-Fi,Standard,Alone,Yes
D3902,30,23.22,Sci-Fi,Standard,Alone,Yes
U9995,26,10.14,Comedy,Standard,4,No
N5512,36,12.07,Action,Premium,4,No
B4448,41,18.49,Action,VIP,7,No
M9760,46,14.97,Horror,Standard,Alone,No
Z6618,57,15.39,Drama,Standard,Alone,Yes
C9548,44,24.48,Horror,VIP,Alone,No
S1808,21,13.64,Sci-Fi,Premium,Alone,Yes
G5055,60,10.33,Horror,Premium,Alone,Yes
W9028,35,11.37,Sci-Fi,Standard,3,Yes
J4976,32,23.62,Sci-Fi,VIP,4,Yes
E4812,44,23.79,Drama,VIP,2,Yes
A4844,48,10.1,Horror,Standard,Alone,No
J1949,31,18.82,Sci-Fi,VIP,6,No
T6189,29,21.83,Drama,Standard,5,Yes
C5599,51,12.22,Drama,Standard,Alone,No
C7647,38,21.27,Comedy,Standard,3,Yes
Y7282,27,23.31,Horror,VIP,Alone,Yes
P6993,37,15.67,Drama,Premium,Alone,Yes
F1093,38,15.6,Drama,Standard,Alone,Yes
B8523,25,14.7,Comedy,Standard,7,Yes
G2170,32,11.74,Sci-Fi,Premium,Alone,No
H1831,48,21.06,Comedy,VIP,6,No
W2821,36,11.54,Comedy,VIP,6,No
H8426,42,24.74,Drama,Premium,7,No
M7144,50,14.78,Drama,VIP,4,No
D0530,53,10.17,Sci-Fi,Standard,6,No
S2049,48,22.43,Comedy,Premium,6,No
J4439,24,18.72,Action,VIP,6,Yes
U3687,42,16.88,Comedy,Premium,6,Yes
S5808,19,20.73,Action,Premium,Alone,No
S9738,38,16.99,Sci-Fi,VIP,Alone,Yes
F0463,43,13.09,Action,VIP,6,Yes
W2590,20,18.01,Horror,Premium,Alone,Yes
Z8084,39,20.49,Sci-Fi,Premium,4,No
E6569,32,24.91,Action,Premium,Alone,No
E9851,23,21.16,Horror,Standard,Alone,Yes
I3546,33,24.05,Action,Standard,4,Yes
Y0761,47,18.52,Comedy,Standard,6,No
K1022,31,10.5,Action,Premium,Alone,Yes
X0028,40,16.54,Sci-Fi,Premium,Alone,No
G5344,49,23.04,Horror,VIP,7,No
R5874,42,19.82,Sci-Fi,VIP,7,No
I9463,29,24.77,Action,Standard,7,Yes
E5861,23,15.16,Sci-Fi,Premium,3,Yes
Z8170,27,24.04,Action,Premium,2,No
Q2062,18,15.89,Comedy,VIP,6,No
Z4956,44,15.45,Horror,Premium,2,No
Y8579,38,15.42,Comedy,Premium,Alone,No
U3440,39,11.63,Comedy,Standard,7,No
E4018,22,24.8,Drama,Standard,Alone,Yes
C1249,19,19.4,Action,VIP,3,No
Q5260,26,18.63,Sci-Fi,VIP,7,No
U0284,59,21.39,Action,Premium,5,Yes
R4146,59,13.77,Sci-Fi,Standard,Alone,Yes
M4894,23,18.05,Sci-Fi,VIP,6,Yes
J5824,46,23.81,Action,Standard,Alone,Yes
T1793,22,24.82,Drama,Standard,Alone,Yes
E4844,60,20.17,Comedy,Standard,Alone,No
A9751,31,10.89,Comedy,Premium,Alone,No
C0817,28,13.24,Sci-Fi,VIP,Alone,No
G0405,30,13.38,Sci-Fi,Standard,2,Yes
O7387,59,22.19,Horror,Standard,6,No
T1735,43,15.44,Sci-Fi,Standard,3,No
E2026,48,23.67,Horror,Premium,6,Yes
S2667,46,22.81,Sci-Fi,Premium,Alone,Yes
L8908,20,20.94,Horror,Premium,Alone,No
I6271,37,12.31,Action,Premium,Alone,Yes
D5815,50,23.98,Comedy,VIP,Alone,No
M8884,46,20.13,Comedy,Standard,Alone,Yes
H4556,45,10.18,Sci-Fi,Standard,7,No
U9616,29,12.8,Horror,VIP,Alone,Yes
B1445,56,18.18,Sci-Fi,VIP,Alone,No
O8966,58,20.57,Comedy,Standard,3,Yes
E8011,53,22.93,Sci-Fi,Standard,6,Yes
V0442,24,17.99,Drama,Standard,2,No
A3459,34,13.43,Sci-Fi,Premium,Alone,Yes
U5170,19,19.81,Comedy,VIP,7,No
D1265,33,16.22,Horror,Standard,6,No
F2770,22,12.23,Action,VIP,Alone,No
A3164,20,23.62,Sci-Fi,Standard,3,Yes
U9486,48,10.23,Sci-Fi,VIP,Alone,No
F0123,43,15.17,Sci-Fi,Standard,3,Yes
N3258,21,12.84,Action,Premium,6,No
N3378,42,18.03,Drama,Premium,2,No
F3922,48,11.6,Horror,VIP,5,Yes
X8730,56,18.66,Sci-Fi,VIP,3,No
E2255,39,22.98,Drama,Premium,7,Yes
U4454,23,11.75,Drama,VIP,Alone,Yes
H9020,60,19.91,Horror,VIP,5,No
G4508,34,19.9,Comedy,Premium,Alone,Yes
W3495,40,10.92,Comedy,Standard,6,Yes
S3916,35,22.02,Horror,Premium,Alone,No
F7268,24,14.43,Sci-Fi,VIP,2,Yes
P0917,19,20.79,Comedy,Standard,4,Yes
H0854,54,23.89,Action,Premium,Alone,Yes
E7698,41,18.65,Action,VIP,3,Yes
S5893,47,18.5,Sci-Fi,VIP,Alone,No
F4124,36,21.54,Action,VIP,Alone,Yes
Y1864,51,24.45,Comedy,Standard,Alone,No
G3831,32,18.98,Comedy,VIP,Alone,No
I2649,39,12.88,Horror,VIP,3,Yes
E0849,24,13.65,Comedy,Standard,6,No
H3119,58,23.29,Horror,VIP,Alone,No
M9916,53,13.09,Horror,VIP,2,Yes
Q3717,41,16.33,Horror,VIP,5,Yes
Y7042,56,10.99,Comedy,Standard,Alone,Yes
Z6364,36,11.02,Horror,Standard,4,Yes
P1867,51,20.95,Horror,Standard,5,No
O2404,58,22.83,Action,Premium,Alone,Yes
P7848,28,17.13,Drama,Premium,Alone,Yes
Q0412,52,14.2,Comedy,Standard,Alone,No
I8223,45,13.52,Drama,VIP,2,No
I6287,31,12.79,Horror,Standard,Alone,Yes
B8644,48,12.2,Drama,Premium,7,Yes
O9543,53,14.6,Sci-Fi,Standard,3,No
R6020,45,13.58,Comedy,Premium,3,No
U6522,45,14.16,Drama,VIP,7,No
H5569,42,24.61,Horror,VIP,6,No
L6403,35,22.26,Horror,VIP,5,Yes
F2516,55,13.39,Drama,Premium,Alone,No
L8979,21,19.62,Action,VIP,Alone,Yes
C5141,42,24.32,Horror,Standard,Alone,Yes
N6099,30,20.13,Comedy,VIP,5,Yes
U2005,43,20.11,Horror,Premium,Alone,Yes
J6862,37,24.17,Action,VIP,Alone,No
H7385,40,18.4,Comedy,Premium,Alone,No
M6720,60,16.83,Drama,Standard,4,Yes
J1703,35,23.43,Action,VIP,Alone,No
L7656,41,22.2,Sci-Fi,Premium,3,No
H8272,38,24.63,Horror,Premium,6,No
T3421,46,19.75,Comedy,Premium,7,Yes
E6095,47,24.16,Drama,Premium,Alone,No
P1057,60,12.52,Horror,VIP,Alone,Yes
T7208,21,11.73,Action,Premium,6,No
S4408,34,23.6,Drama,Premium,6,No
V8858,26,10.51,Comedy,Standard,Alone,Yes
G1349,33,12.71,Horror,Premium,Alone,Yes
L3183,36,24.9,Drama,VIP,Alone,Yes
O0705,41,24.44,Drama,VIP,Alone,No
O6315,29,23.39,Drama,Standard,4,No
Y4099,52,20.48,Action,Premium,Alone,No
Q8927,48,17.71,Drama,Premium,2,No
W1085,41,20.8,Comedy,Standard,6,No
X7294,37,10.38,Sci-Fi,VIP,5,Yes
N0333,60,17.53,Sci-Fi,VIP,Alone,No
R8256,25,24.42,Action,VIP,Alone,No
G9983,38,12.81,Action,Standard,6,No
G3617,36,22.2,Sci-Fi,Premium,Alone,No
M1624,40,19.75,Sci-Fi,Premium,7,Yes
W0863,30,10.63,Horror,Premium,6,No
S4073,54,11.77,Comedy,Standard,4,No
O8419,46,16.96,Comedy,Premium,2,Yes
P9246,34,24.65,Action,VIP,Alone,Yes
K9692,46,24.87,Sci-Fi,Premium,Alone,Yes
M7393,25,14.44,Sci-Fi,Standard,5,Yes
J3810,29,18.41,Horror,Premium,3,Yes
O7835,42,24.47,Drama,Premium,Alone,No
G8002,59,20.12,Horror,Premium,Alone,No
C7519,57,22.07,Drama,Standard,Alone,Yes
W0782,38,23.01,Drama,Premium,Alone,Yes
I6505,18,17.08,Sci-Fi,VIP,Alone,Yes
U3419,36,24.12,Action,Standard,Alone,Yes
S8354,42,24.51,Action,Standard,5,No
W1190,49,23.81,Horror,VIP,7,Yes
R3498,54,16.61,Sci-Fi,Standard,3,No
F6097,18,18.86,Horror,Premium,3,Yes
H2276,23,11.21,Comedy,Premium,Alone,No
D3993,33,21.54,Action,Standard,Alone,No
V0936,21,19.94,Sci-Fi,Premium,Alone,No
S2077,30,15.04,Sci-Fi,Standard,4,No
X6087,26,18.44,Comedy,VIP,Alone,No
K0251,40,14.08,Drama,VIP,5,No
F3865,19,12.48,Action,Premium,5,Yes
U5529,58,22.32,Comedy,Premium,3,Yes
N6649,19,13.64,Horror,VIP,Alone,Yes
Y7689,36,20.19,Comedy,Premium,2,Yes
J0449,32,17.33,Sci-Fi,Premium,Alone,No
O2503,26,24.19,Comedy,Standard,Alone,Yes
B8877,52,21.5,Horror,Standard,7,Yes
Z2085,58,23.76,Comedy,Premium,6,No
T8611,56,15.76,Action,Standard,Alone,Yes
Z4654,55,14.37,Action,Premium,Alone,No
I1871,52,11.91,Sci-Fi,VIP,Alone,No
Z2623,34,14.23,Sci-Fi,VIP,Alone,Yes
J3585,44,19.83,Horror,VIP,6,Yes
X7172,26,19.87,Sci-Fi,Standard,5,No
T8659,38,11.95,Action,Standard,3,No
E9959,34,13.82,Action,Premium,4,No
O5505,46,18.45,Drama,Standard,5,Yes
L5134,26,21.27,Sci-Fi,VIP,Alone,No
L0572,55,22.77,Action,Standard,6,No
R5366,28,20.37,Action,Premium,Alone,No
V9452,53,12.19,Drama,Standard,Alone,Yes
V6506,31,22.76,Action,Standard,2,Yes
Z0037,21,15.24,Sci-Fi,VIP,4,No
T0216,20,11.61,Action,VIP,7,Yes
D4263,56,22.18,Action,Premium,Alone,No
Z1477,52,18.13,Drama,Standard,Alone,No
H5571,30,18.64,Horror,Standard,7,Yes
A6968,49,14.09,Comedy,Standard,6,Yes
A8189,27,18.47,Comedy,VIP,6,Yes
S5270,27,22.71,Action,VIP,Alone,No
I8470,25,16.84,Sci-Fi,VIP,Alone,No
F8933,56,23.11,Horror,Premium,Alone,Yes
X2134,38,15.42,Sci-Fi,Standard,Alone,Yes
Z4627,47,24.08,Comedy,Premium,6,No
H9718,59,20.67,Sci-Fi,Standard,2,No
B6296,18,24.97,Horror,Standard,Alone,Yes
K4864,20,24.05,Drama,Premium,2,No
Z1517,33,18.2,Action,VIP,Alone,No
N2364,23,20.94,Drama,VIP,6,No
P1972,28,13.99,Horror,VIP,6,Yes
Z1180,34,11.22,Action,VIP,Alone,Yes
A9621,44,19.1,Comedy,Standard,Alone,No
O4860,30,23.23,Action,VIP,Alone,Yes
M9619,27,22.6,Horror,Premium,6,No
R0226,53,10.48,Action,Standard,Alone,Yes
Z2342,25,17.03,Action,Standard,Alone,No
Y3751,48,19.44,Action,Standard,5,Yes
Y9313,52,13.6,Sci-Fi,Premium,5,Yes
J6015,55,11.14,Action,VIP,Alone,Yes
G9843,19,13.82,Drama,VIP,2,Yes
M1901,42,23.22,Drama,VIP,Alone,No
P4219,24,13.15,Drama,VIP,2,Yes
P6917,42,10.12,Comedy,VIP,6,No
O7834,32,20.84,Horror,Premium,2,No
B3397,20,17.16,Horror,Premium,Alone,No
O6096,41,17.78,Action,Standard,Alone,Yes
T0002,27,13.6,Comedy,VIP,5,Yes
P6849,44,22.0,Comedy,Premium,7,No
C9487,37,18.64,Drama,Standard,4,No
J2965,60,19.66,Horror,Standard,Alone,Yes
M8590,29,11.34,Sci-Fi,Standard,2,Yes
Q1525,57,22.52,Sci-Fi,Standard,4,Yes
H4515,37,12.87,Action,VIP,Alone,Yes
M4762,37,16.45,Drama,VIP,Alone,No
K5848,41,22.33,Action,VIP,Alone,No
U2351,25,16.18,Comedy,Premium,3,No
Q7732,58,24.17,Horror,Standard,Alone,No
H8110,21,15.71,Sci-Fi,VIP,Alone,No
L8089,59,11.33,Drama,VIP,6,Yes
U8857,40,13.72,Sci-Fi,Premium,Alone,Yes
W5960,52,19.13,Drama,Standard,3,Yes
H7279,43,21.81,Drama,VIP,Alone,Yes
Y7094,20,23.02,Sci-Fi,VIP,Alone,No
Z1901,56,16.41,Action,VIP,3,No
C3171,47,24.21,Sci-Fi,VIP,Alone,No
M8243,37,10.04,Action,Standard,Alone,No
E0024,47,17.69,Comedy,Premium,Alone,No
W2969,55,11.76,Drama,Standard,Alone,Yes
V6193,20,17.35,Action,VIP,Alone,Yes
O8682,38,24.76,Drama,VIP,Alone,No
U9667,49,18.26,Drama,Standard,Alone,Yes
O4424,29,11.22,Horror,VIP,4,Yes
H2558,35,14.31,Horror,VIP,Alone,No
R7206,50,23.17,Sci-Fi,VIP,Alone,Yes
U8822,29,13.17,Drama,VIP,4,No
B3577,40,20.41,Sci-Fi,Premium,6,No
N1330,24,21.07,Action,Standard,Alone,No
D0301,37,16.66,Sci-Fi,VIP,7,No
G4519,51,16.98,Comedy,Premium,3,No
X4893,40,16.2,Sci-Fi,Standard,Alone,No
X7335,44,23.06,Comedy,Premium,7,No
C6210,27,20.75,Comedy,VIP,Alone,No
R4165,37,11.75,Horror,VIP,4,No
L9634,22,11.39,Comedy,VIP,Alone,Yes
W8659,39,22.42,Comedy,Premium,Alone,Yes
K8116,51,14.43,Drama,Premium,3,No
T8064,24,18.22,Comedy,Standard,Alone,Yes
T2129,31,11.04,Drama,VIP,7,Yes
A4723,44,13.62,Horror,Premium,6,Yes
G2177,44,20.73,Action,VIP,Alone,Yes
H9793,56,10.15,Sci-Fi,VIP,5,No
L4163,38,21.7,Comedy,VIP,2,Yes
T2013,34,15.14,Horror,VIP,6,No
A7217,46,24.98,Horror,VIP,Alone,No
B9303,46,11.71,Drama,VIP,2,Yes
V6391,53,20.47,Horror,Premium,6,Yes
D6962,42,23.83,Action,Premium,Alone,Yes
G2229,18,19.47,Drama,Premium,Alone,No
T0480,51,17.2,Action,VIP,Alone,Yes
M1015,21,13.69,Action,Premium,6,No
D5863,21,20.48,Sci-Fi,VIP,5,No
V2226,40,15.56,Horror,Standard,Alone,No
S6536,35,10.57,Sci-Fi,Premium,Alone,Yes
Y9868,43,21.99,Drama,Standard,6,Yes
E9522,23,19.46,Sci-Fi,Standard,Alone,Yes
D8335,37,11.11,Action,VIP,Alone,Yes
Y6028,58,14.83,Action,VIP,Alone,Yes
W3416,58,22.23,Horror,VIP,7,Yes
R3938,41,10.47,Horror,VIP,Alone,Yes
Z7405,39,20.16,Comedy,Standard,2,Yes
D3652,57,10.57,Sci-Fi,Standard,Alone,Yes
R4795,38,20.23,Sci-Fi,Standard,Alone,Yes
L0702,36,13.41,Horror,Premium,Alone,Yes
H8796,42,12.35,Drama,Standard,4,No
D5034,18,12.26,Sci-Fi,VIP,Alone,No
E9733,60,22.7,Action,Premium,3,Yes
P2342,38,17.64,Sci-Fi,Standard,3,No
A2343,47,22.4,Sci-Fi,Standard,4,No
Q6051,20,22.68,Comedy,Premium,Alone,No
O4791,30,18.51,Horror,VIP,Alone,Yes
A2841,33,14.18,Horror,VIP,Alone,No
S6414,34,14.44,Horror,VIP,6,No
E9609,44,13.83,Horror,Premium,Alone,Yes
M3907,50,12.67,Action,Premium,2,Yes
P7041,47,23.99,Comedy,Premium,2,No
L9146,60,11.91,Comedy,VIP,5,Yes
X0241,25,21.72,Action,VIP,Alone,Yes
N4903,55,11.33,Sci-Fi,Premium,3,No
J3856,22,10.31,Action,Premium,5,No
X5271,19,22.66,Comedy,Standard,2,No
O2974,53,24.68,Horror,Premium,Alone,No
L2663,20,17.77,Sci-Fi,VIP,4,No
B1441,36,22.79,Sci-Fi,Premium,5,Yes
R9317,38,12.12,Horror,VIP,2,Yes
U4070,28,10.58,Comedy,VIP,Alone,No
T6005,20,20.71,Action,Premium,6,No
E8006,41,11.45,Comedy,Premium,Alone,No
K9734,21,21.8,Action,VIP,Alone,Yes
I8504,38,15.87,Action,Standard,Alone,Yes
H0907,38,11.01,Drama,VIP,Alone,Yes
K1979,28,20.2,Horror,VIP,6,Yes
X3910,50,17.59,Action,VIP,7,No
B6802,28,24.86,Horror,VIP,4,No
X1245,22,12.63,Sci-Fi,Standard,Alone,Yes
M9692,35,16.01,Drama,Standard,6,Yes
W7379,57,13.46,Action,VIP,Alone,No
B9367,43,16.4,Action,Standard,Alone,Yes
L9477,35,18.73,Action,Premium,Alone,Yes
I2711,49,12.44,Drama,VIP,4,No
C4526,42,19.51,Horror,Premium,6,No
R5968,60,22.72,Action,VIP,Alone,No
R3741,53,10.79,Action,Standard,2,No
P8819,43,22.17,Sci-Fi,Premium,Alone,Yes
U8338,49,23.73,Drama,Premium,Alone,Yes
Y7492,21,24.26,Sci-Fi,VIP,3,No
F1452,35,24.45,Horror,Premium,6,No
T1841,44,22.32,Comedy,Premium,2,No
K5901,58,12.34,Horror,VIP,Alone,No
C4408,48,15.68,Comedy,VIP,3,Yes
A8762,50,24.06,Sci-Fi,VIP,Alone,No
D2487,58,21.32,Horror,Premium,6,No
J4530,35,23.45,Comedy,Standard,Alone,Yes
M7521,54,21.26,Drama,Standard,Alone,No
F7654,19,10.41,Drama,Standard,Alone,Yes
Z5538,57,20.22,Comedy,VIP,Alone,Yes
Q2128,55,18.77,Comedy,VIP,7,No
Y0420,59,16.81,Action,Premium,3,Yes
U6087,58,14.7,Drama,Standard,7,No
O7784,30,13.99,Action,Premium,Alone,No
B6927,46,20.58,Comedy,Standard,Alone,No
W0336,52,21.93,Comedy,Standard,2,No
E5978,20,20.02,Action,Premium,Alone,Yes
O9795,41,24.6,Action,VIP,4,No
O7894,18,16.55,Action,Standard,7,Yes
S7850,50,14.29,Horror,Standard,Alone,Yes
R5176,23,10.95,Action,Standard,Alone,No
Z5642,60,17.76,Horror,VIP,Alone,Yes
N1656,22,21.01,Action,VIP,7,Yes
U6629,35,23.4,Drama,VIP,7,No
F7192,18,18.76,Sci-Fi,Premium,7,Yes
G4707,35,23.9,Drama,VIP,4,Yes
F9671,33,14.95,Sci-Fi,Premium,Alone,Yes
T2836,23,24.94,Horror,VIP,2,No
W2315,60,14.26,Horror,Premium,3,No
P5536,22,10.43,Drama,Standard,6,Yes
J8443,23,12.04,Drama,VIP,7,No
T9705,49,19.03,Action,VIP,Alone,Yes
F8157,41,16.63,Comedy,Premium,Alone,Yes
V4673,39,14.02,Horror,Premium,Alone,Yes
O9429,60,17.8,Comedy,Standard,Alone,No
N4941,58,14.3,Horror,Standard,Alone,Yes
R5679,22,21.0,Horror,Premium,Alone,No
Y5529,54,20.12,Drama,VIP,Alone,Yes
R0452,57,12.39,Drama,VIP,7,No
L7692,38,13.29,Horror,Standard,7,Yes
V3147,23,12.97,Drama,Premium,Alone,No
F9676,55,13.63,Horror,VIP,Alone,Yes
H5782,32,18.08,Horror,Standard,2,Yes
N1362,39,11.21,Comedy,VIP,Alone,No
V4889,57,22.9,Sci-Fi,VIP,Alone,No
U1656,45,16.35,Sci-Fi,Premium,6,No
G9610,27,22.71,Horror,Standard,Alone,Yes
S7659,53,12.89,Horror,VIP,4,Yes
S5665,33,21.35,Horror,Premium,Alone,Yes
Y8317,29,23.55,Horror,Premium,Alone,Yes
Z4944,60,16.26,Horror,VIP,Alone,No
Q6063,56,24.92,Comedy,Standard,Alone,Yes
W9717,26,15.19,Comedy,Premium,2,Yes
F7940,39,16.69,Action,Standard,3,No
T5282,25,16.74,Sci-Fi,Premium,2,No
C0056,20,10.17,Sci-Fi,Premium,7,Yes
L3931,23,19.8,Horror,Standard,7,Yes
M7391,35,22.85,Comedy,Premium,Alone,Yes
K7435,57,10.22,Drama,Premium,Alone,Yes
X4739,19,18.81,Sci-Fi,VIP,Alone,Yes
W3570,38,18.25,Horror,Premium,6,No
Q1582,26,11.2,Sci-Fi,Premium,4,No
A0761,42,11.89,Action,Premium,Alone,Yes
B5437,56,14.81,Action,Standard,Alone,Yes
Z9239,59,12.92,Drama,Premium,3,No
V0671,23,24.09,Drama,Premium,Alone,No
P0882,21,15.79,Comedy,Premium,7,Yes
T7439,57,21.91,Comedy,Premium,Alone,No
T7322,50,23.11,Horror,Premium,6,No
T8561,42,15.69,Comedy,Standard,Alone,Yes
M0037,27,11.7,Action,Standard,Alone,No
Q8028,38,15.64,Horror,Standard,7,No
F0706,59,24.75,Action,VIP,Alone,Yes
D4105,54,24.61,Comedy,VIP,Alone,No
Z8954,58,11.29,Drama,Standard,2,No
B2343,20,11.09,Action,Premium,5,Yes
G4586,27,14.31,Drama,Premium,7,Yes
A6502,58,11.5,Horror,Standard,5,No
Q7827,52,19.72,Horror,VIP,Alone,Yes
Q4426,49,16.19,Horror,Standard,4,Yes
J3002,36,23.45,Comedy,VIP,Alone,Yes
U2469,44,18.96,Horror,VIP,3,Yes
J0828,54,11.59,Sci-Fi,VIP,6,No
U4513,26,13.87,Horror,Premium,Alone,No
X6780,58,12.17,Horror,Standard,Alone,Yes
W7337,38,21.91,Drama,Standard,Alone,Yes
Y8442,51,15.73,Drama,VIP,6,No
V6312,23,10.33,Sci-Fi,Standard,2,No
V7701,36,17.0,Horror,Standard,6,No
L1625,33,18.72,Sci-Fi,Standard,Alone,No
N2433,43,20.6,Sci-Fi,Standard,3,Yes
R7354,44,18.03,Comedy,Premium,Alone,Yes
K2997,34,14.95,Horror,Standard,Alone,No
S9901,46,11.08,Horror,VIP,3,No
C1679,30,13.08,Horror,Premium,Alone,No
V6948,36,17.1,Drama,Standard,7,No
B8230,33,12.21,Horror,VIP,7,Yes
X6978,54,20.85,Drama,VIP,Alone,No
W1683,58,21.72,Horror,Premium,Alone,Yes
D9944,26,13.34,Drama,Premium,Alone,No
R9239,44,20.65,Drama,Standard,2,Yes
L1683,60,21.4,Comedy,Standard,Alone,Yes
Q6689,32,10.66,Drama,Premium,Alone,Yes
C2441,33,17.41,Drama,Standard,Alone,No
R5530,26,14.78,Action,VIP,Alone,No
V8104,24,18.74,Sci-Fi,Premium,Alone,Yes
Y6284,31,20.43,Drama,Premium,3,No
G1121,53,21.91,Drama,Premium,Alone,Yes
I5901,38,24.92,Horror,Premium,Alone,Yes
V6954,60,17.61,Comedy,VIP,Alone,No
Z8779,19,14.47,Action,Standard,2,No
V4938,56,15.49,Drama,VIP,7,Yes
P7000,50,20.66,Drama,VIP,Alone,Yes
G7283,59,17.78,Comedy,VIP,2,Yes
A2805,57,10.7,Action,Standard,Alone,Yes
W8442,43,17.7,Comedy,Premium,Alone,No
U6318,38,15.02,Sci-Fi,VIP,Alone,No
L0007,54,24.88,Sci-Fi,Standard,Alone,Yes
O6843,20,14.57,Drama,Standard,Alone,Yes
O8866,23,18.7,Action,VIP,6,Yes
F0953,31,22.95,Comedy,VIP,2,No
W7271,20,10.04,Comedy,VIP,7,Yes
J6878,57,16.43,Horror,Standard,Alone,Yes
R6150,45,15.98,Drama,Standard,2,No
E4975,37,23.41,Sci-Fi,VIP,6,Yes
X2814,41,20.0,Action,VIP,5,No
R4299,39,15.57,Sci-Fi,Standard,Alone,No
X8783,50,11.26,Drama,Standard,4,Yes
X9373,24,24.21,Sci-Fi,Standard,6,No
J4860,58,16.21,Action,Standard,3,No
E1815,46,19.79,Drama,Premium,7,Yes
R3060,55,22.2,Comedy,VIP,Alone,No
Z9849,46,21.41,Action,VIP,Alone,Yes
Y3923,31,15.53,Drama,Premium,4,No
C5867,19,15.0,Horror,Premium,7,Yes
E0055,41,17.59,Sci-Fi,Standard,3,Yes
D1937,49,13.15,Sci-Fi,VIP,6,No
P5929,42,19.87,Action,VIP,Alone,No
J5224,47,19.38,Action,VIP,Alone,Yes
C1874,37,17.53,Action,Standard,Alone,No
O7454,51,13.97,Drama,Standard,Alone,Yes
K7545,47,20.16,Sci-Fi,VIP,7,No
C6888,50,19.68,Sci-Fi,Standard,6,No
W4296,39,10.63,Action,Premium,2,Yes
P4369,41,10.13,Horror,VIP,4,No
W7738,46,19.48,Action,VIP,3,No
L7697,24,15.27,Comedy,VIP,7,Yes
I4912,54,17.6,Action,VIP,3,Yes
M4743,44,16.37,Drama,Premium,Alone,No
B0938,54,17.71,Action,Standard,4,No
P6835,51,18.03,Comedy,Standard,Alone,No
V7658,43,17.34,Drama,Standard,Alone,Yes
R1173,46,23.4,Sci-Fi,Premium,4,No
W8632,35,14.11,Action,Standard,3,No
W8747,43,23.83,Sci-Fi,Premium,3,No
C1677,26,23.35,Comedy,VIP,4,No
D9009,49,15.09,Horror,Standard,Alone,Yes
C4344,53,16.3,Horror,VIP,Alone,Yes
R7418,18,20.7,Comedy,Standard,Alone,Yes
I9728,54,24.16,Sci-Fi,Premium,3,Yes
J8663,27,21.88,Drama,Standard,3,Yes
H2552,48,14.32,Horror,Standard,5,Yes
Q2504,22,16.49,Comedy,Standard,7,No
F6545,20,24.17,Sci-Fi,Premium,Alone,Yes
U2289,29,17.08,Action,Standard,2,Yes
H0386,40,19.49,Comedy,VIP,Alone,No
E2511,47,10.69,Drama,Standard,Alone,No
W3659,47,12.08,Comedy,Premium,Alone,No
D9861,19,11.67,Drama,VIP,Alone,No
C8708,26,17.78,Drama,Premium,Alone,No
G3002,26,14.04,Drama,Standard,5,No
N4930,20,16.96,Horror,Standard,4,Yes
V8852,36,12.28,Action,VIP,2,Yes
W6958,28,19.41,Drama,Standard,Alone,Yes
G1778,31,21.6,Drama,Premium,4,Yes
A4827,47,17.28,Horror,VIP,Alone,No
T8730,32,12.22,Action,Premium,Alone,No
W7299,56,22.88,Sci-Fi,Standard,Alone,No
B0273,47,15.87,Horror,Standard,6,No
B0051,55,19.32,Horror,Premium,7,No
W1342,35,16.24,Comedy,VIP,Alone,Yes
Q4942,36,20.68,Sci-Fi,VIP,Alone,Yes
I6311,43,15.63,Drama,Premium,4,No
Z7255,26,23.41,Horror,VIP,Alone,No
P6904,58,21.44,Action,Standard,7,No
A2032,44,14.62,Action,VIP,Alone,Yes
O2807,53,23.59,Horror,VIP,6,Yes
X5159,54,24.96,Horror,Standard,7,No
V8281,19,17.97,Action,Premium,6,Yes
N5669,39,12.4,Comedy,VIP,4,No
I9740,18,20.51,Horror,Standard,5,Yes
X4255,47,22.6,Horror,VIP,Alone,No
C8377,25,10.7,Horror,Premium,Alone,Yes
Y0986,41,20.6,Action,VIP,Alone,No
G4351,43,21.82,Horror,Standard,Alone,Yes
W1000,28,20.73,Horror,VIP,5,Yes
R0449,43,24.58,Horror,Standard,Alone,Yes
X9360,38,21.73,Horror,Premium,Alone,No
C0196,24,18.36,Comedy,VIP,6,No
L2296,57,15.22,Horror,Standard,2,Yes
S3356,24,16.75,Horror,Standard,Alone,No
J5246,23,18.28,Sci-Fi,Premium,Alone,No
B7133,50,17.28,Drama,Premium,Alone,No
W9224,32,23.44,Action,Standard,5,Yes
D8615,21,10.02,Drama,Premium,Alone,No
O9880,60,11.64,Comedy,VIP,5,Yes
O5757,57,11.9,Comedy,Standard,Alone,Yes
C7180,19,13.94,Comedy,Standard,3,Yes
E0759,46,13.84,Horror,Premium,6,Yes
A8268,43,23.8,Action,VIP,7,Yes
P0445,18,10.42,Comedy,VIP,Alone,No
I3647,46,10.45,Action,Premium,Alone,Yes
L4936,37,17.86,Comedy,Standard,Alone,No
L2439,50,15.23,Action,Premium,3,No
H7974,25,13.04,Drama,Premium,Alone,No
A9804,50,11.25,Comedy,Premium,Alone,Yes
S5399,42,22.78,Comedy,Premium,4,Yes
G1663,57,20.45,Comedy,VIP,7,No
P3925,45,10.94,Action,Standard,2,Yes
K4309,45,15.68,Action,Premium,Alone,Yes
W0666,35,15.15,Horror,Standard,4,Yes
I4034,38,15.37,Drama,VIP,Alone,No
O5114,54,21.88,Comedy,Premium,2,Yes
Y2384,25,16.56,Sci-Fi,VIP,Alone,No
W1383,23,14.47,Sci-Fi,Premium,4,Yes
R3873,49,24.95,Horror,Premium,4,No
G5641,27,18.76,Comedy,VIP,Alone,No
Y4995,27,16.01,Action,Standard,Alone,No
H9993,33,19.14,Sci-Fi,Standard,Alone,Yes
U3222,39,13.32,Drama,Standard,Alone,No
X2942,51,12.3,Drama,Standard,Alone,No
N8303,56,10.08,Action,Standard,2,Yes
V4268,34,12.34,Comedy,Premium,Alone,Yes
B5435,35,11.04,Horror,Premium,2,No
A7151,57,10.63,Comedy,Standard,2,No
O4626,47,11.55,Sci-Fi,Standard,5,Yes
I0739,56,18.3,Drama,VIP,Alone,Yes
E0474,32,11.1,Action,VIP,Alone,Yes
W8226,34,17.46,Action,Premium,7,Yes
E9333,37,11.4,Sci-Fi,VIP,6,No
X4653,27,15.26,Action,Standard,6,No
S8984,57,19.98,Action,VIP,4,No
I9302,30,23.86,Comedy,VIP,Alone,No
L8279,39,11.14,Horror,Standard,Alone,Yes
B5911,47,11.33,Action,Premium,Alone,Yes
Z4276,36,24.49,Comedy,Premium,2,Yes
N9811,19,12.91,Sci-Fi,Premium,Alone,No
Y9710,48,16.87,Action,Standard,3,Yes
U9924,29,12.6,Drama,VIP,Alone,Yes
T4015,29,11.16,Comedy,Premium,3,No
L0126,31,22.92,Drama,Premium,Alone,Yes
M4230,59,24.23,Horror,Standard,Alone,No
R9228,23,11.16,Comedy,VIP,7,No
R0528,53,20.83,Action,Premium,7,No
K3640,32,10.22,Action,VIP,6,Yes
J7406,23,21.48,Drama,Premium,5,Yes
I6312,30,18.39,Comedy,VIP,Alone,No
M0786,30,12.59,Comedy,VIP,2,No
B8174,50,12.82,Comedy,Standard,2,No
M9099,40,18.23,Action,Standard,6,Yes
G9299,47,10.98,Drama,Premium,4,Yes
P2457,23,20.45,Action,Standard,Alone,No
A2476,29,10.76,Comedy,Premium,3,Yes
H9796,34,16.12,Drama,Premium,Alone,No
H8721,47,12.38,Action,Standard,Alone,No
W4290,48,17.96,Action,Premium,4,No
Q1228,24,18.83,Horror,Premium,6,Yes
P9632,54,16.25,Comedy,Premium,Alone,Yes
R9199,50,18.52,Sci-Fi,VIP,Alone,Yes
M1442,42,21.16,Drama,VIP,5,Yes
P6033,25,13.24,Comedy,Standard,7,No
D7534,60,16.33,Sci-Fi,Premium,Alone,Yes
N7743,38,24.21,Sci-Fi,Standard,Alone,Yes
S8480,31,19.03,Comedy,VIP,Alone,No
V0327,19,16.02,Sci-Fi,Premium,Alone,Yes
Y7065,37,14.91,Horror,Premium,Alone,Yes
I9961,41,22.48,Sci-Fi,Standard,Alone,No
P4816,32,19.23,Drama,Premium,2,No
Q9931,29,14.6,Action,VIP,5,No
A3974,58,12.04,Action,Standard,Alone,Yes
P4007,47,23.12,Action,Premium,6,No
B1567,21,10.41,Comedy,VIP,5,Yes
E5406,41,17.09,Sci-Fi,Standard,2,Yes
C4357,19,11.45,Action,Standard,Alone,No
R7285,53,17.13,Comedy,Premium,Alone,Yes
W6360,34,20.25,Comedy,Premium,2,Yes
Z8034,60,21.9,Action,VIP,Alone,No
